{
  "roc_auc": 0.6597222222222222,
  "f1_score": 0.3333333333333333,
  "accuracy": 0.6923076923076923
}
